{
  "xo_mean": 59.17097854614258,
  "xo_std": 8.991971015930176,
  "yo_mean": -0.026586011052131653,
  "yo_std": 56.0850944519043,
  "xe_mean": -60.37980651855469,
  "xe_std": 21.4697208404541,
  "ye_mean": -0.02722788229584694,
  "ye_std": 21.00107192993164,
  "doca_mean": 0.5996529459953308,
  "doca_std": 0.45719900727272034,
  "xm_mean": -45.851009368896484,
  "xm_std": 53.49319839477539,
  "xr_mean": -45.87792205810547,
  "xr_std": 53.90760040283203,
  "yr_mean": 58.38689422607422,
  "yr_std": 34.23759460449219,
  "z_mean": 364.91571044921875,
  "z_std": 115.23988342285156
}