{
  "x": [
    -30.164087295532227,
    28.40096092224121
  ],
  "y": [
    0.04653756693005562,
    19.10602378845215
  ],
  "tx": [
    -0.14484445750713348,
    0.12140650302171707
  ],
  "ty": [
    0.00047776559949852526,
    0.08286803960800171
  ],
  "Q": [
    0.24524308741092682,
    0.7513360977172852
  ]
}